,principal1,principal2,labels
0,-0.03216659990349094,-1.6959331141871918,0.0
1,0.7088014218005703,-2.4501747484963428,0.0
2,-1.3061700322980725,-0.8627413471593557,0.0
3,2.252832780251941,-0.5407825135355635,1.0
4,-1.7729045999682662,-1.5068223939174614,0.0
5,-1.2750771143321085,-2.025325655991583,0.0
6,-1.534368147803954,-0.5201945975034641,0.0
7,-1.5774121451003376,-3.043033899306156,
8,-2.3989487208808913,-0.27912499310221145,1.0
9,-0.0983775733100206,1.6097090808520655,
10,-0.35932436026759346,-0.01593789602228879,0.0
11,1.2609026142544666,-1.82436618095383,0.0
12,-1.570447592036229,-0.8815665723266412,0.0
13,1.5896301116158278,0.7397410732556302,0.0
14,-0.9370121926411769,1.0023740651965138,0.0
15,-0.6643298554663443,0.5872692409385857,0.0
16,-1.0123098074275259,0.4237790405702546,1.0
17,0.22097648647094253,-0.08916857459502509,0.0
18,2.4550029114165106,-0.686804707729209,0.0
19,5.5079284964865005,-0.21435373191617024,1.0
20,0.29255145718793996,-0.7272043861858821,1.0
21,1.4201574946886093,0.09358853452121035,0.0
22,0.6670767890929002,0.36395374717824697,0.0
23,-0.685492959685768,2.8272816735470214,
24,0.41856485786009284,-0.9818538947685755,
25,2.5054592958816695,-0.3551686744482838,0.0
26,-1.3625841524457591,0.5171124412550177,0.0
27,1.3094194936127908,1.0625160201619803,0.0
28,0.7561439919967007,-1.6638093106893874,0.0
29,0.5339823693748493,-1.7680071963859283,1.0
30,-1.633209179654508,0.6210657494565991,
31,0.7273679478902794,1.4862812944609776,1.0
32,2.6484717002749436,2.1982492687211317,0.0
33,-2.384629017798255,-0.2699034501135721,1.0
34,0.7483788259627845,2.203684190907804,0.0
35,-0.21644174331892613,2.3291971052611147,1.0
36,2.673347848708471,1.0977654736012876,1.0
37,-0.24434750439179587,-1.9692397407663778,1.0
38,-1.1251409695742693,-0.328897349795299,0.0
39,-1.4824261816176698,-0.009654940890451637,0.0
40,3.0276354845500295,-0.16782561703538912,0.0
41,3.013476582119884,-0.959879060905303,0.0
42,-0.476585036041026,1.0961044364325285,1.0
43,-2.3937812337975286,-1.0354054162379396,0.0
44,-1.5947799557459197,0.2693971011951192,0.0
45,-1.615228431869322,-1.6385399947810741,0.0
46,0.3772447980152824,1.4291568827547627,
47,-2.6023326519410817,1.2545190966656523,0.0
48,-1.3707306743921048,-0.32727882888243465,0.0
49,-1.1193957892994328,-0.5129966606115413,0.0
50,-0.6115857776547534,0.5978871810746422,0.0
51,-1.6629887293862617,0.06982465512924566,1.0
52,0.7929128612011803,2.1752717490146782,1.0
53,-1.373277083346646,-0.6129261729948524,0.0
54,0.8463582704317574,0.05627906972172879,1.0
55,-0.09453530067184018,-1.7613798014181405,0.0
56,1.1494836091392195,-0.24910754668524185,
57,4.786340453442263,-0.9422101963681668,
58,-0.8257213970138092,-0.6334538365252538,0.0
59,2.859033239736101,0.7760118114560333,1.0
60,2.4659667812416606,-1.474888767703269,0.0
61,0.8538680746857306,1.0621192740743168,0.0
62,-0.3029296424670563,-1.828884339162051,1.0
63,-0.541099718560565,-0.49886578060672654,0.0
64,-1.6994961173240648,0.42967123608493385,0.0
65,-0.7580686278374978,1.0448077769771094,0.0
66,-2.033448307420367,-1.1275515466373038,0.0
67,0.8723780314806733,-2.5093521887206336,0.0
68,0.6691646752446533,-0.4008215499288591,0.0
69,2.399257290825581,-1.6250404260779823,
70,1.4083347927814485,4.152752272357986,1.0
71,-1.7426722233664929,1.907416540867149,0.0
72,2.360293836120273,-2.4461583607835027,0.0
73,3.2733551353731074,-0.5743166297381895,0.0
74,-1.2688503030674723,1.3875963749060467,0.0
75,1.303047705196253,0.856447223364989,
76,-2.3594172670121494,-3.5223077847262907,0.0
77,-1.8838404963428586,-0.8544323196604515,1.0
78,0.6673665523494839,-0.816267669614489,0.0
79,-0.3906149766499253,-1.2603800181115816,0.0
80,0.2822117663352597,0.8102084329589945,0.0
81,-0.02231652322379965,3.912158036863881,0.0
82,-0.6133244914928069,0.5652612120644496,0.0
83,-0.4170290459368958,-0.039321032346015194,0.0
84,0.8514086902842124,-1.0323113777214823,1.0
85,2.6227275885261263,4.2630388948910545,0.0
86,0.22153575007496318,-0.8857992270514254,
87,-3.582265925533385,-2.2834999183781983,0.0
88,0.911743887203559,2.7493459666745057,
89,-1.1551381303772468,0.6689808747865997,0.0
90,2.3113129104993817,-2.013913655733386,0.0
91,-0.7949649007606832,2.54375747323738,1.0
92,0.9468528884141066,-0.5103290700529093,0.0
93,3.430844218864633,1.309179752338534,0.0
94,1.9703663974085377,-1.1836874171991973,0.0
95,-0.5918025502335755,0.1467444615721825,1.0
96,0.46365207171800954,1.1876859838867493,0.0
97,-0.38520482758061436,-0.5463676945273186,0.0
98,-1.3238019114660018,0.2107800744026122,0.0
99,-0.06014244747879334,-0.005822760053890708,1.0
100,0.38766108113988995,6.540991066902509,1.0
101,-0.19994721206837768,-0.6169975454523206,1.0
102,1.1237476644998792,1.3607565493440201,1.0
103,-1.6137813689522333,0.5523912661607516,0.0
104,1.9640846577187776,-1.1457215756851842,0.0
105,0.41400730685554415,-0.7626959831198143,0.0
106,-0.213016552475704,-1.8769963331629789,0.0
107,-1.1383028942567035,-2.034150524458211,0.0
108,-0.9720078627863344,0.41294287330670487,
109,0.4889883683760914,-1.9470799763003923,0.0
110,-1.3360594094118374,0.48366227195093586,0.0
111,1.141846607360729,1.4666307257300364,0.0
112,2.24940791571178,-0.22233832595922878,0.0
113,-1.330419825958321,-1.1065324981236602,
114,4.35475286576967,-0.9018461771088626,0.0
115,4.440094241104691,1.2131960053956723,1.0
116,-2.6255785498005753,-0.46798570973716985,1.0
117,-0.6839013854197383,0.4359950481591464,1.0
118,0.14014953408988695,-1.2041506084091225,1.0
119,1.3149562034354068,-0.400033179923943,
120,0.13325420361190207,0.4504617849600152,0.0
121,-3.1727827906838315,-1.5543987437460176,1.0
122,-0.7254316084289167,1.2026450270937576,0.0
123,-0.9660531823906764,0.41840030432222375,0.0
124,-3.1730853538024513,0.48320293026065886,0.0
125,1.5353836195124344,-0.9046939361859611,0.0
126,-0.11164116728738158,-0.18386526342574297,0.0
127,0.15897119528501696,-0.23316663681610475,0.0
128,-0.222465783157705,0.9483508776244584,1.0
129,1.0945448626755818,0.845567873911134,0.0
130,-0.15777685841792516,0.8634385857600247,0.0
131,-2.281907562392153,0.9069122221730823,0.0
132,-0.9475458783698295,2.5268192305587447,
133,-3.4470978623843345,-2.041789795456159,1.0
134,-2.6081044362410046,1.385643944193012,1.0
135,0.667685388623333,2.8475094653127893,0.0
136,-0.0908703663268366,-2.1910290203504776,0.0
137,-1.4350545868916094,1.5035758744877357,0.0
138,-1.414940678237184,-0.416774502436834,0.0
139,-0.6776427596827196,0.6955711432009104,
140,-1.8423486997666767,-0.3961731624855873,0.0
141,3.5492592076913234,2.2661274726271694,0.0
142,1.9491922729691722,-0.4325273814590027,1.0
143,5.147349215677254,0.6285618702358884,0.0
144,-1.7425794467485098,-0.3606226126275952,1.0
145,2.536777099598598,-0.3628022287211659,0.0
146,-0.040163674346161624,2.3283112068200555,0.0
147,-2.3798171420483407,-0.6287390220418313,0.0
148,1.7485267403468445,-1.8567071070842283,1.0
149,-0.8736545145861063,-0.08541827179881456,1.0
150,-1.9012130359990402,-0.07043249057867343,
151,-1.0466009663726434,-0.8441131612753315,0.0
152,2.1906160822668594,-1.525782051695375,0.0
153,1.434353905620384,0.4715121127496918,0.0
154,0.08848037972821698,-0.12925887470853487,0.0
155,0.8860299357195942,-0.12032924649574533,0.0
156,-0.34464808731014673,0.766711718680577,0.0
157,-0.12076764604325393,2.524791015261473,0.0
158,1.2095602980071365,-0.640293614649318,0.0
159,-1.453409602363747,0.2316344273680547,1.0
160,0.9391827728366002,-0.6558116700630408,0.0
161,0.40918870155070414,-0.5294641656344377,0.0
162,-1.5097203340902077,0.4704928305352375,1.0
163,2.5320643833529464,-0.35760402438411854,0.0
164,-0.09756998062488628,2.01907225528052,0.0
165,-0.9418567971427011,-0.14120979204238948,0.0
166,0.47754451853313373,-1.8671910241259873,0.0
167,0.13994204767014926,-0.09129355722703975,
168,0.7214335898649584,-1.3513058580070654,1.0
169,-1.2807851015454252,0.2758981092784344,0.0
170,2.713456777921545,-0.8838962737510554,0.0
171,3.7029109243854648,-0.9627929011027836,1.0
172,-0.4651326532503852,-0.0014857428530814926,1.0
173,-3.6211518823220192,-2.0147560494530756,1.0
174,3.136904633592037,-1.0333244644093365,0.0
175,-0.4984822499865863,1.5692380960828234,0.0
176,-1.1353162279684923,0.8120922614843993,0.0
177,0.9696867074032592,-0.040695222261779906,1.0
178,2.521306312582383,-2.1547153899851743,
179,0.9128070555689807,-1.948809110693672,0.0
180,1.327645529309695,-1.0491546534754346,0.0
181,-1.8756679342829248,1.9742496581658873,0.0
182,0.2257558806739138,3.434229830333724,0.0
183,0.43787535066266997,0.685262475000684,
184,-3.249586284695461,-0.84088223865718,1.0
185,3.1039620789307367,1.2978789326347389,0.0
186,1.9640846577187776,-1.1457215756851842,0.0
187,-2.118991104020027,0.09173142934209216,0.0
188,-1.5084840951555545,0.7121812564963856,0.0
189,1.4201574946886093,0.09358853452121035,
190,-1.9227837220315491,1.303538711436726,0.0
191,2.710640947466744,-0.5762284434770713,1.0
192,2.6686784640939063,0.49486363113332876,0.0
193,2.106902978835834,-0.3004374316012722,0.0
194,5.084317948173229,-0.11981169743550471,0.0
195,3.2139130590664404,-0.11500706788817777,0.0
196,3.2733551353731074,-0.5743166297381895,0.0
197,-2.384629017798255,-0.2699034501135721,1.0
198,-1.4022993971996447,-0.9973643441972526,1.0
199,2.2533212890181886,-0.780441300902909,0.0
200,-2.5257332969756745,-0.4691511589834586,1.0
201,-0.541099718560565,-0.49886578060672654,0.0
202,-0.6016235462811075,0.6775045903251959,0.0
203,-0.09987613078513112,0.10855576171309689,0.0
204,-3.4804008489287708,-0.6486714910403024,1.0
205,3.068430500248455,-0.7871483969336915,1.0
206,0.9313360513670769,-1.428557513231465,1.0
207,0.08470250902348513,1.0067455043400362,0.0
208,3.940036063106581,-0.8316207653784755,0.0
209,-0.8540793358367845,1.8790728481650734,1.0
210,-0.3496419397860184,2.3651398149464713,1.0
211,2.5988717407958415,-2.4375355909347722,1.0
212,2.9952898490142954,-0.3472134795272103,1.0
213,0.028669727889810287,0.7482754174982367,0.0
214,-2.0143329955933496,-0.023718977375609462,1.0
215,-0.17602043443024212,0.42865732229917314,
216,0.1006068461411748,3.8622194297433925,0.0
217,0.8193263948111212,-1.4206899820464949,0.0
218,0.7269171854232866,-0.35581251409668696,0.0
219,1.4165573296965839,4.339256155312467,0.0
220,0.8494635500553341,-1.5865611516311362,
221,-0.1930928917251083,-0.8664903488621796,0.0
222,-0.7218050855652814,-1.2975624882561494,0.0
223,-1.072962254340427,-0.22244839156062762,1.0
224,-0.832023044933603,-0.46640066130197516,0.0
225,-1.745384676153633,-0.5331807575716813,1.0
226,-1.148269563334818,-0.5155917527673163,1.0
227,-1.2019544659749715,0.30813452321464563,0.0
228,-2.1468987597700644,-0.42069704889822485,
229,-0.06443232323489204,3.82141197319279,0.0
230,1.2258753082368405,0.2927081739062713,
231,-0.9487403370908494,-0.21001125384193348,1.0
232,-3.5137285892831973,0.08647476862987746,1.0
233,-1.1184821629574515,0.8160239278673926,0.0
234,2.7852672697120537,0.059069760105008806,1.0
235,-0.3614205764244581,1.5656635707361612,1.0
236,-1.6819879592624112,2.7879565824306596,1.0
237,-0.72736843336876,-1.7570789420757142,1.0
238,3.86284096311265,-0.7674868792603307,1.0
239,-0.5726139351752286,-0.44553771620462534,1.0
240,-1.6391336612440193,-0.06503838340542739,0.0
241,0.26186636836822796,1.1928252280575729,1.0
242,2.192488012247268,-1.763216513046929,1.0
243,-0.1365763016621167,4.40325845874993,1.0
244,0.7264169375265477,0.5430927671472194,1.0
245,-0.922284534254304,-2.005823124360985,
246,-0.5475420317209782,-0.23191800489903508,0.0
247,-1.4141423452008681,0.17559185652087622,0.0
248,1.4147734192326515,0.08061601528568985,1.0
249,-1.8306513050403148,0.9043651484354103,1.0
250,0.4484993031400645,-2.449838073825707,1.0
251,-1.5464078889414794,-0.0070583955158177725,1.0
252,-1.565992934915246,1.6096044305875177,
253,-1.4685709798428268,0.815097093580404,0.0
254,0.26184674621708837,0.6299373392467941,1.0
255,-0.2714840717992428,0.27486306209151556,0.0
256,-0.2896706141592419,-0.8963089770673993,
257,2.398414141064192,2.668512786161802,0.0
258,1.5058430337649085,1.9337723805828722,0.0
259,-1.2715338427715859,0.36639600219991186,1.0
260,-1.4368948344072425,0.5256635377959196,0.0
261,-1.868009000293618,-1.4174266869175836,0.0
262,0.08848037972821698,-0.12925887470853487,0.0
263,1.9589623080268324,-2.5416174127408926,0.0
264,-2.520623431743325,-0.04779078616315402,0.0
265,-0.4210367905907415,-3.1567819717354366,1.0
266,-0.09362985299968685,0.7225884073642561,0.0
267,-1.5424156535647007,0.2386601521884023,1.0
268,0.24414588538715243,-0.1578331284540726,1.0
269,1.3297090166065104,-1.1993467180291746,1.0
270,1.2498126206700557,-1.6120070123379442,1.0
271,-0.8349082359093745,-1.5670580869790065,1.0
272,0.6594634952899865,2.099445835147912,0.0
273,-1.6233028593396683,1.445457997944791,0.0
274,-1.3707306743921048,-0.32727882888243465,0.0
275,-0.7606828912096614,-1.85677360334955,1.0
276,-0.3669413091629382,-0.7083590187854327,1.0
277,-2.150393753375568,-1.7077259472624047,1.0
278,-1.1687210623240603,0.13930875481253235,1.0
279,-0.4854779371409766,-1.0503141957194673,1.0
280,-0.4008170917286494,1.1496775381991287,1.0
281,1.9941517441675225,-1.0423173598481945,1.0
282,-2.4093723645298963,-2.055071037035117,0.0
283,3.3057196301324945,-1.1448261509920186,1.0
284,-1.6714388531691058,0.5112870988589175,0.0
285,0.30856214523152714,1.4623612076273471,0.0
286,0.5492427677175942,0.3476065250948698,1.0
287,-0.2507799151905656,-0.8499901200087531,1.0
288,-0.4947722413399393,-0.059790002046568536,1.0
289,1.0381265947304072,0.3186615184827615,0.0
290,-0.8500792657599716,-0.9468629145463725,1.0
291,-2.6772733894367047,-0.11432671193738753,0.0
292,1.929961924180534,-1.8704787921633135,1.0
293,1.4028704721369174,-1.556850110862101,1.0
294,0.6084618936586252,3.8350172623310934,1.0
295,-1.7857444601823231,-0.11252030928488674,0.0
296,-1.4368948344072425,0.5256635377959196,0.0
297,1.6497226603548667,-0.8744294913940387,0.0
298,2.2395136947538656,-1.271979073542605,0.0
299,-1.695994649572907,-0.010523818389083062,0.0
300,-0.12430115646178248,-0.016142880807304097,
301,0.7647909505306055,-0.8296200335546525,1.0
302,1.178574510220612,0.19200894082163578,0.0
303,-0.06380685014465204,0.14937595406600013,0.0
304,3.8945672711863097,0.19646301123745746,
305,-0.7296380584043884,-1.654066759911128,1.0
306,1.3645496738851453,1.0198970158136347,0.0
307,-0.32234878338398937,0.9245908275502657,1.0
308,4.280979101311906,1.398624917072265,1.0
309,1.7962597519909698,0.2970214170434361,1.0
310,-0.685492959685768,2.8272816735470214,1.0
311,0.6860866679973538,0.38043796312291145,1.0
312,-0.9875684136520638,0.5721162009702534,1.0
313,-0.6342481215689867,-0.13927011354849778,0.0
314,2.4627133916886748,-0.4574784588422314,0.0
315,0.8327514775857154,-0.9505362084802431,1.0
316,-0.4158124427991142,1.196270118687898,0.0
317,0.0428076086968504,0.32677514636242144,1.0
318,-1.7876799771954692,0.6386536947356705,1.0
319,-3.4557709081339194,-0.9624861613561733,1.0
320,0.726552655970831,-0.7968578479667864,1.0
321,-1.5505812201992144,0.2104633103959894,0.0
322,1.8130707251964597,-1.1025977085280003,0.0
323,-1.1761420984518764,0.45825239158220527,1.0
324,0.33145462202873116,-2.42774156098364,1.0
325,-2.548882525506749,-0.6869380314077145,1.0
326,-1.9558580570975237,-0.12289126036488063,1.0
327,-1.585045285723301,1.1985999595786945,0.0
328,-2.620992781873746,-0.20262648541619993,1.0
329,0.5084919934746135,-1.9537659410648434,0.0
330,0.26184674621708837,0.6299373392467941,1.0
331,0.5109182187306041,-0.4430070240843341,1.0
332,0.917570947090367,-0.7466151957045919,1.0
333,-3.6211518823220192,-2.0147560494530756,0.0
334,-0.9707998224985969,-0.9337349290303512,
335,-0.04918637744529606,-0.2689658463707972,1.0
336,-1.6478492142309975,1.017986849728697,1.0
337,-0.2341796337368537,-0.31106103079829245,0.0
338,-0.3949930283725466,0.6689213365460708,1.0
339,0.6702282617814095,1.5037783221263572,1.0
340,2.536777099598598,-0.3628022287211659,1.0
341,-0.12278820029641803,-0.6165941750339925,1.0
342,-2.3572345646456836,-0.8029875098989648,1.0
343,0.46066022092949965,-1.5676428637089632,1.0
344,1.9436881372832502,-1.8358782026617577,1.0
345,2.985246433355441,0.4109278611537327,0.0
346,-0.4697072345515549,1.045061556245091,1.0
347,0.25610150856007485,-1.379164721387463,
348,-2.577107195573511,0.008700294154081495,1.0
349,-1.875541076503234,0.5287862744744701,1.0
350,-0.4141403361621988,-0.5494923945173971,1.0
351,0.16858687014875737,-2.780074862749695,1.0
352,-1.4624043031765201,0.6499914452317029,0.0
353,0.33231015909885137,-1.6351978786185029,0.0
354,2.5596256594838045,-1.2814193484836651,1.0
355,-3.172078345392896,-1.626084658290093,1.0
356,-0.5769157644816688,-2.2287077407161973,0.0
357,-1.6035245018911242,0.7026617263933082,1.0
358,1.360918560853172,-0.5517998502774828,1.0
359,3.1039620789307367,1.2978789326347389,1.0
360,-0.017272531865413318,-1.626823057379521,0.0
361,-0.1671739776180422,-3.162977915861641,1.0
362,-1.0009777072559511,-0.20945373194722916,0.0
363,0.27126598399110785,-0.5251745738896829,0.0
364,-0.297104794878806,0.22760920229082388,1.0
365,-1.2715338427715859,0.36639600219991186,
366,-2.4387206471380494,-0.7616095774151277,1.0
367,-0.5348420872363886,1.1222469571504305,0.0
368,0.6655835817756668,1.7891969150098646,0.0
369,0.7098363664484649,0.5239322583764704,1.0
370,-1.7753318547720107,-0.9417238213579494,0.0
371,1.9798311351622129,-1.2347931287507563,1.0
372,-0.82787606016372,-0.0843751972416733,1.0
373,3.6533314534161425,-1.4723542289859863,0.0
374,-0.11881520529201356,-2.686907841665507,
375,-0.6077382353194712,0.6851272147767845,1.0
376,1.952868529500275,-0.22162250917328657,1.0
377,2.440213142057049,-1.2335718130354842,1.0
378,-0.5802917101452338,2.396912165692947,1.0
379,-1.781988446264996,2.0682153707230997,1.0
380,-0.1066022540828562,1.7568252049265758,1.0
381,-1.1273565776240229,-0.23260910724909023,1.0
382,-0.6184472873436668,0.6111204080423593,1.0
383,-1.7152539955787047,0.28048445190688187,1.0
384,-1.6782023161999284,1.539629654479313,0.0
385,0.6691646752446533,-0.4008215499288591,
386,2.3056670484029578,1.8222536530506366,1.0
387,-2.620721085975186,0.6665061750287321,1.0
388,-1.2536773443742963,0.6181361805239312,1.0
389,-1.4007169745582229,1.2935839535465146,1.0
390,-0.7732051964247728,0.9259574215035453,
391,2.360293836120273,-2.4461583607835027,1.0
392,-0.8245119492915767,-0.33960675641840343,0.0
393,2.7314746899930356,0.4255538827760065,0.0
394,0.8367604453748881,1.5148036882911908,
395,-0.8046253636211018,0.43010512602443673,1.0
396,0.5233533103529577,0.6813576357143382,0.0
397,-1.3041402219642688,0.6916559988684597,1.0
398,1.0934868312905754,2.2278983687359992,
399,1.557803666210574,-2.4718805491626994,0.0
400,2.2063612554055094,-1.8528076183206816,0.0
401,0.8954322424167446,-1.2094460514592869,1.0
402,-0.8162053661831151,1.4563922905064999,1.0
403,-1.0850460217065863,0.110965802592037,1.0
404,-1.5520179601412178,-0.4471948225154048,0.0
405,1.7233383704935052,-1.6444685740710239,
406,-0.8823496032112443,-2.262555426004052,1.0
407,-3.4316341678745506,-1.8276201893762036,1.0
408,-0.5234738839364821,1.4667085439977594,1.0
409,-2.130978207931299,-0.1887035204157675,0.0
410,-0.08654656825415297,-0.6242564065290772,1.0
411,2.150815696569324,-1.960910157521708,0.0
412,-0.6314660330121276,1.5646034202994912,0.0
413,-0.8415112826134972,1.3676186492141191,
414,3.7934264505234276,1.1226343308534814,0.0
415,-1.5139389833551107,-0.07909820959636094,0.0
416,-1.846455326426051,-0.1671954386777924,1.0
417,2.3346333705248696,-1.568123886879329,0.0
418,-1.5631826017543882,0.408053237812592,1.0
419,1.0968543999321423,-2.0296366212062504,
420,2.9298834219131624,-0.872226533513522,1.0
421,-0.6286800908931368,0.9151320445594481,1.0
422,2.6764620488322937,-1.4974086398997484,0.0
423,-1.105022846172589,0.38361866748571233,1.0
424,0.9753579454682318,1.6143800808589857,0.0
425,-1.875541076503234,0.5287862744744701,
426,-0.13369141887344127,0.4038263607871957,1.0
427,-1.3376836320828764,3.301152325673392,1.0
428,-1.329620815030201,-0.6071658753218457,0.0
429,-2.686931264962139,-1.6827659697227353,1.0
430,0.7449031881561693,2.2138647244263363,1.0
431,-1.1273565776240229,-0.23260910724909023,
432,-0.7982598029751025,0.9215821614369826,1.0
433,-2.1467365280859947,0.9793882693156826,0.0
434,-1.9900817043532384,0.23915305912099355,1.0
435,2.983414482317529,-0.49373099409039645,0.0
436,4.632225583564022,6.815164936330788,1.0
437,1.893090590795393,-0.6019134657757177,1.0
438,3.171221759706293,-0.7875495342052169,1.0
439,1.0956286648319407,1.3082744806050106,0.0
440,-3.8386618281656855,-0.9839098496974876,1.0
441,3.3129132857368613,0.05437686529428698,1.0
442,-2.5983289802013094,0.6292343514421858,1.0
443,-0.5451231355068494,2.1511847508845134,1.0
444,1.9703663974085377,-1.1836874171991973,1.0
445,2.1274696781536577,-1.4007827052761082,
446,0.44089616012612026,-0.7380879369414014,0.0
447,3.217617050523279,-0.8539488097837102,0.0
448,-0.14420189885606893,-1.3045814197895127,
449,1.5848600972797215,4.694139124892687,1.0
450,0.22153575007496318,-0.8857992270514254,1.0
451,-0.9279998371975935,0.8607345963983968,1.0
452,-0.08654656825415297,-0.6242564065290772,1.0
453,-0.7396088102894334,1.1311655972810306,1.0
454,1.414903448611834,-0.826280818433876,0.0
455,-0.15777685841792516,0.8634385857600247,1.0
456,1.2396246226344396,-1.4942959725932534,
457,-0.5822436606267425,-0.6768842940384454,0.0
458,-0.8692790298131917,-1.281740790157501,1.0
459,-1.4099878678178621,0.3054502519824384,0.0
460,0.5757556251670395,2.470033223083517,1.0
461,0.26569050915065695,2.2943070376304737,0.0
462,1.058236747284677,-1.5948528008589729,0.0
463,-0.7560612736900284,0.4810184787383959,0.0
464,-0.2681686468962753,-0.3880209580726192,1.0
465,0.28873565265688683,2.7151713805661637,
466,1.2258137265989077,1.9837040413867402,1.0
467,-0.7408658235036956,1.3004925575579254,1.0
468,2.2485223822012115,-1.9211107369652518,1.0
469,-1.4893383433952578,0.06856005204093579,0.0
470,-0.25195216335306725,-0.10248885520509698,0.0
471,-1.1351187994096439,-0.24391406971648,1.0
472,3.342112184775873,1.3687445478848448,1.0
473,0.00882869245763862,-1.6485846496237024,0.0
474,-2.1468987597700644,-0.42069704889822485,1.0
475,0.4970171233661139,-2.486904819400689,0.0
476,-0.28776077646859355,0.4867973941948054,0.0
477,-2.61675518772735,-0.8017984898793649,1.0
478,0.03201215920298252,-0.7514301100992211,0.0
479,-0.21647332620614318,2.241720441891433,1.0
480,-0.20895829227959145,3.051279446387378,0.0
481,0.4136001237765683,1.2479391504499708,1.0
482,-1.5379892819978127,1.4852775922264063,0.0
483,-0.294101478983693,1.9143954852596101,0.0
484,-0.41067894219617995,0.15762225966373464,1.0
485,-0.17602043443024212,0.42865732229917314,0.0
486,-1.3376836320828764,3.301152325673392,0.0
487,-1.072962254340427,-0.22244839156062762,1.0
488,0.2918291089487945,1.82284351220932,1.0
489,-0.1309221820073177,0.7729075065393579,
490,1.5572283085294785,-0.8612640432365731,
491,-0.9221681020951201,1.5856768662646101,1.0
492,-1.210631079070288,0.5529220218514592,1.0
493,0.4149227652307449,1.0389463175456664,1.0
494,-1.3317469041975034,-1.1786779512827732,1.0
495,-1.4694428062251232,1.4805339386937537,
496,0.118050083033533,3.996197235170357,1.0
497,-2.4664414840263422,-0.5468566358223081,
498,-0.6903520063931536,1.3213520492010882,1.0
499,-2.329617392594685,-1.0984984497445893,1.0
500,-0.014650586694921877,-1.0686942797238155,1.0
501,1.3118409405974396,1.124116875982442,1.0
502,-0.16306702950313157,-2.246249988524305,1.0
503,3.270585095693393,-1.134632357625952,1.0
504,-1.708370121413942,-0.6415856490865094,1.0
505,2.7002647767493295,0.35455991515705776,
506,0.9566386638948682,-0.49170564635082636,1.0
507,1.1947354119487765,0.052489231469952435,1.0
508,2.9131491675983,-1.3084772104724163,1.0
509,-0.751809833488347,-2.0971910587781193,1.0
510,1.433457679084601,-1.0699965054462368,0.0
511,2.5596256594838045,-1.2814193484836651,1.0
512,0.046538285313795315,-1.044472139676331,1.0
513,-0.9513752187179755,1.8561011835222223,1.0
514,-0.4947722413399393,-0.059790002046568536,1.0
515,0.20513441700795823,-2.10778615169939,0.0
516,-2.4917695030285048,-1.2610130931237296,1.0
517,1.525838905239149,4.715824219090276,
518,0.7893361265894254,-1.5891890130377488,1.0
519,2.5738166675144276,-0.4235227341028026,0.0
520,-0.27556320565091014,-1.1402611972108332,1.0
521,-0.1581457076577659,-2.722235199255496,0.0
522,-2.1905286621153395,-0.526151666455501,0.0
523,-0.6758447143907095,0.7143206049658395,0.0
524,1.2525662223254679,0.5433063068970659,0.0
525,0.08576875774750986,1.0795648378249996,0.0
526,-2.329617392594685,-1.0984984497445893,
527,-1.9699493905959844,-0.8478480470945088,
528,-0.4008170917286494,1.1496775381991287,1.0
529,-1.2939180490525835,0.4430856825242825,0.0
530,-0.5439505726894829,-0.7485419701516051,1.0
531,-0.8195647588174474,0.7420001987979892,0.0
532,0.9662592287708397,-3.0852837663809622,0.0
533,1.1403906692623973,0.07355842006999307,1.0
534,-0.12479436173282638,0.8752267777091669,1.0
535,-3.0537510434168715,0.46207621327256054,1.0
536,-1.7078149521442016,0.6658260573131517,0.0
537,-0.47759406736052723,-0.7049293426924951,1.0
538,0.38608357767361046,3.1841445212974495,1.0
539,-2.5446257895817794,-0.2413866873710587,0.0
540,-2.3089693347868745,-0.8871311509480815,0.0
541,-1.2113669942535454,-1.2679480048519436,1.0
542,-1.5499945941405133,-0.7200733837126422,
543,-1.7326060467843416,0.8914778761148296,1.0
544,-1.9840998432553671,-0.829705450711941,1.0
545,0.25096011461657186,-1.1800206136995188,0.0
546,1.2904239587888395,1.8632348464123256,1.0
547,-0.44845173455798615,-1.1796390175450546,1.0
548,0.2807518395029488,-1.0465979591448198,1.0
549,-0.38573367335267184,1.3817901586210755,1.0
550,2.755541587306504,-0.3011303119750286,
551,-1.4807671409383585,0.881983462563013,1.0
552,4.5703131489649405,0.009775485525466532,1.0
553,2.145114786479586,-1.4881846563211216,
554,1.378994771189815,-2.0578563931165004,0.0
555,0.1137097172916583,-0.23456472077818985,0.0
556,-1.563444504942948,-0.14389559976206012,1.0
557,-2.4997117188975477,-0.7752100469109453,0.0
558,-1.4087339231714582,-0.4745835615363546,1.0
559,1.006665475254954,-2.485019602660664,1.0
560,2.965857156188181,1.51066308988011,0.0
561,0.6828620429110317,-2.0977007546516004,0.0
562,2.4802793527838842,-2.0777497480637543,0.0
563,-1.7900866812709562,1.668787248358526,1.0
564,0.81532123589907,2.2442022909405965,1.0
565,-0.7476605393028388,1.315305017114474,0.0
566,0.1484570860332462,-2.20226545335261,1.0
567,-4.164192724880631,-1.6519313862260367,
568,1.0590043063563026,-1.7182496579435496,1.0
569,-0.06173788679175144,1.384582154276411,1.0
570,0.17432981558356225,-1.9660447474272615,1.0
571,3.2774457312827403,-0.07379295431846677,1.0
572,-0.33767411556367205,1.5645288990473212,0.0
573,0.6156681391394906,-1.2520795352074312,
574,0.4590953207165699,-0.844922308420873,1.0
575,-1.178943234650945,-0.37853865855015717,1.0
576,-0.5889825571031302,0.3232583228008204,0.0
577,-0.013644943702836698,-2.9280694377569643,0.0
578,-1.2304941807872152,-0.31181626758459047,0.0
579,-0.7839220322535652,0.5905784742736027,
580,-1.1097350667642198,-0.03191014403963688,0.0
581,-1.1398804265209415,0.12532347263566912,0.0
582,-2.314516816568199,0.3153682525924951,0.0
583,1.0252853838029068,-1.7692185815070245,1.0
584,-0.6734185059978068,0.7630878063427695,1.0
585,3.452443647008548,0.11949328798768433,1.0
586,3.0768796298359193,-0.5509222466952723,1.0
587,1.9880059704933664,0.9612643951930357,
588,-1.8838404963428586,-0.8544323196604515,1.0
589,-2.0966779295617988,0.4163682860144614,1.0
590,-0.8206754777527705,-1.4090640929114153,0.0
591,3.728917291048472,-1.405780349454334,1.0
592,-0.49775440994615333,0.6023254850534393,0.0
593,0.17540523465459545,2.293854887754743,0.0
594,-0.17542560663243398,0.13714073093788134,0.0
595,2.440213142057049,-1.2335718130354842,0.0
596,3.6286494463708645,-0.7792979865760323,1.0
597,-0.32234878338398937,0.9245908275502657,1.0
598,2.2533212890181886,-0.780441300902909,1.0
599,0.41250424371682287,-2.6355239615351205,1.0
600,-1.414940678237184,-0.416774502436834,
601,1.7900892336779246,0.6478322949921748,1.0
602,2.56105779438033,-1.5179687088284428,0.0
603,0.19058601444315135,1.179923634542679,1.0
604,-2.0161867546685275,-1.7270171142707138,1.0
605,-0.37202678144792245,-0.15385312928204092,1.0
606,-0.6532919398145742,1.8738604534751762,1.0
607,2.30485467402114,-0.34106743295952735,1.0
608,1.3248883271106733,0.7763247714251258,1.0
609,1.8721519245801557,1.2024623373583343,1.0
610,-0.5169988597023073,1.3124234725042836,0.0
611,-1.1672285790570238,0.08686863114761859,
612,-1.261519506434125,0.5199888930767202,1.0
613,1.1509769398326124,1.1961905077206152,0.0
614,-0.09835110569347295,1.9581912920247644,
615,0.03195876865540906,1.9053716838360277,0.0
616,-1.7821255387826866,-0.37627276698177503,0.0
617,-0.3615550394129794,-1.3816332454779723,1.0
618,2.418074689226272,-1.9064206277176399,0.0
619,2.072410114976008,-2.4773362103893675,0.0
620,2.974311304106395,-0.6462330974211556,
621,-1.2645864426556737,0.8934283684352219,0.0
622,-0.82787606016372,-0.0843751972416733,0.0
623,-0.9829237109211465,0.6393448967479943,1.0
624,-0.10595474764972085,-2.661582207105423,0.0
625,3.1892539512666453,-0.8141025684076206,0.0
626,0.726552655970831,-0.7968578479667864,0.0
627,-0.582816459535859,1.0132201029164267,0.0
628,-0.6668344197455939,0.2413893953148569,1.0
629,-1.6290439587581313,1.1685038657503815,0.0
630,1.493356631181966,2.3454826436527165,1.0
631,1.749966213522495,-1.5991437725027353,0.0
632,-1.4058527607217823,0.5469898198968237,1.0
633,0.805328056428364,-0.7688741983320303,0.0
634,-0.15358523409502367,-0.2861101112360184,0.0
635,3.383031102406482,0.7564430139104761,0.0
636,-1.0396281003779666,-0.24505078052956153,0.0
637,-0.050332721553012064,0.3814167536956281,0.0
638,-0.8393754534950161,0.5917777702787999,1.0
639,0.5470744854019459,1.4847278163538071,1.0
640,0.899088913886031,-2.332964456923102,0.0
641,-0.8588732645188845,0.2690668853887316,
642,0.4927985388421773,-2.643622138610449,
643,-0.09448572246768101,-0.8385645457048553,0.0
644,-1.3041402219642688,0.6916559988684597,0.0
645,3.316903359332284,0.6564299894829597,1.0
646,2.877843881033023,-0.9907080832631951,
647,-1.3546997322742609,0.19249089476555264,0.0
648,-3.776117110446936,-1.4886131707138723,1.0
649,-1.9030640767423015,0.22588948326528227,1.0
650,0.26186636836822796,1.1928252280575729,0.0
651,-2.068874108209824,-1.0085113481275487,
652,3.1006678172086755,-0.8275995513429293,0.0
653,0.4549892678247546,1.4962620172564356,1.0
654,-1.4694428062251232,1.4805339386937537,0.0
655,-1.6247019043775281,-1.091129233636576,0.0
656,0.04262181138730781,0.5552237278592399,0.0
657,0.5338232599478846,0.3553206734375157,1.0
658,-1.5631826017543882,0.408053237812592,1.0
659,-0.4124893312674305,-0.6047480623170121,0.0
660,-0.34597296943319045,-1.3965617743058798,1.0
661,3.346747377321529,-1.1512674861745416,0.0
662,-1.7425794467485098,-0.3606226126275952,1.0
663,-0.0983775733100206,1.6097090808520655,1.0
664,2.0752719138071165,-1.8631492641785712,0.0
665,1.0161257381145739,-0.14000040578669032,0.0
666,-0.2341796337368537,-0.31106103079829245,
667,-2.1812069802140948,0.14174978082518033,1.0
668,1.9288860564451928,4.301815835464701,
669,-0.9459444416115839,2.3051887220879945,1.0
670,-2.932414924706083,0.548450274066374,0.0
671,-1.6632083895441958,0.026276285970776192,
672,1.3903810303403445,-1.2183988452910022,0.0
673,-0.234390215191913,-2.5549245758516355,0.0
674,0.0428076086968504,0.32677514636242144,1.0
675,-0.7396088102894334,1.1311655972810306,0.0
676,-1.8979035658488732,0.6480586362465439,1.0
677,0.5249624865486741,1.848508943359149,0.0
678,1.639968366414138,-2.1493101433366224,0.0
679,8.666115107765668,2.4906896756455974,0.0
680,0.21314184880492773,-1.2952852464065525,0.0
681,-2.8935732440149304,1.3788354952445698,1.0
682,-0.923107136629477,-2.9082625040470074,0.0
683,1.4968580337189543,-0.19135721824090887,0.0
684,0.9128070555689807,-1.948809110693672,0.0
685,-3.227934323430436,-1.0505560565217413,0.0
686,0.8361258633878599,-1.1371921087528747,0.0
687,0.8066238477853314,0.4648365564047001,0.0
688,0.5447796213681477,0.74003632125102,0.0
689,-0.07462985856622639,-2.9009920874391137,0.0
690,0.357489935706754,-0.721414989039382,0.0
691,0.2436495218652301,-0.18951087930447588,0.0
692,-0.3317486958864428,0.11651728509966136,0.0
693,1.6547749475207376,0.18943648944408814,
694,-0.6643298554663443,0.5872692409385857,0.0
695,-0.24090734666496227,0.6444392128612684,1.0
696,-0.4230771387761581,0.4438484957569011,1.0
697,-1.744385278803933,2.215824674284722,
698,0.3587025263562055,0.0910480901143833,0.0
699,-3.044039321996532,0.3468744787048145,1.0
700,-0.12372034075737362,2.511970837890874,1.0
701,1.8130707251964597,-1.1025977085280003,1.0
702,4.349064414144381,0.5933149379595317,1.0
703,1.046427447384914,2.0828048116647375,0.0
704,-2.3332407395751424,-0.47428567015719436,
705,0.08557859181697078,1.655244276392425,
706,2.755541587306504,-0.3011303119750286,0.0
707,-0.11035219205652341,1.229125182642083,0.0
708,-1.5691456070391774,0.0071056695644433066,1.0
709,0.1218509079815861,3.4303377558506565,1.0
710,-2.1656932657763766,0.7563233023283562,0.0
711,2.1147250690973824,-1.415301046257599,0.0
712,-0.8056122737138195,-0.7863661919232141,0.0
713,-1.2748819875306767,-0.21817790351796618,0.0
714,-0.3083835957861435,0.06824885689601248,0.0
715,-1.502974908158085,0.2542550877652297,1.0
716,0.5071693733497992,0.04143104192058261,0.0
717,0.81532123589907,2.2442022909405965,0.0
718,-0.47830825616070355,-2.2622254827485904,0.0
719,-3.2464270926343386,-0.014766189941485042,0.0
720,0.0008269093926430299,1.0227659899730563,0.0
721,2.6045689058067616,-0.3960928346127568,
722,2.3213473210559483,-1.8928549916295536,0.0
723,-0.47759406736052723,-0.7049293426924951,0.0
724,-0.7157898922876333,1.2010341239695292,0.0
725,-1.6701846050637204,-0.4300889961160209,0.0
726,1.9982231093638143,-1.2118674630068185,1.0
727,2.707998977569997,2.5257253703649054,0.0
728,-0.985514003579608,1.6084602710166958,0.0
729,-0.20201479190543048,0.49906206721198754,
730,0.6955778717443125,0.7369287521843935,0.0
731,0.612017121133027,0.9000675233717552,0.0
732,-1.8802299483972373,-1.1560680075972751,0.0
733,1.4079185900070144,-1.0807218412491557,0.0
734,-2.9400289865339735,-0.0029875869174245395,0.0
735,-0.23731563747591836,-0.4415725015329704,
736,4.35475286576967,-0.9018461771088626,0.0
737,1.2490863211173995,2.806727035388255,1.0
738,-2.1533424523556035,-0.9707967443152872,0.0
739,-1.623680140018422,1.0770286162989917,0.0
740,3.601079976605296,-1.3904746614844963,1.0
741,2.724714154829754,-1.302980905844647,0.0
742,0.05010210137772013,0.9502368448845061,0.0
743,-2.0287358613458752,-1.4193046689186766,0.0
744,-0.4431206091662704,0.79027625788945,0.0
745,-0.7004005162024248,-0.5313672907708611,1.0
746,0.7587135753676802,1.0240521379574712,1.0
747,4.341103321436724,0.48151620864868105,0.0
748,0.9859391617436393,-1.3895381053633922,1.0
749,-1.1744739676078741,1.2866927956581136,1.0
750,-0.3496419397860184,2.3651398149464713,0.0
751,-1.5774121451003376,-3.043033899306156,0.0
752,0.7245444886930593,0.7405791345718236,0.0
753,-0.16003862849469772,0.6399567244460196,0.0
754,2.051938660567195,-1.7339842970138808,1.0
755,-0.6570721839325537,-1.007159109257985,1.0
756,3.1136512725373025,-1.1120989506683048,1.0
757,-1.2027927018955389,0.28220897220636815,0.0
758,-0.2825270639353096,-0.0047280964141820925,
759,4.349064414144381,0.5933149379595317,0.0
760,0.33526148463856076,2.6542781586627187,0.0
761,3.7166635115816296,1.0842435335757254,0.0
762,-0.6314660330121276,1.5646034202994912,1.0
763,-1.207743583286659,1.1510100589519598,0.0
764,-2.408800100799227,1.6910093550601544,
765,-0.048690171370652555,0.11594417401411067,1.0
766,-1.2795570711430992,0.8232800569441124,0.0
767,1.3798872837657852,-2.011509608838252,0.0
768,-0.1778596553831819,-0.32770079888332204,1.0
769,-1.3930502465632733,-0.6564989100474767,0.0
770,0.29899239749354495,1.8259293475807246,1.0
771,1.5919678894894094,-1.8798200464674648,0.0
772,2.2770519496731416,-1.7407326090102537,0.0
773,-0.16338561524874753,-0.5966931965855796,1.0
774,1.6041449276589557,-2.1716466283033644,1.0
775,-1.560028680220341,-0.6924227165846766,
776,2.826171853826339,0.8897842682543176,1.0
777,1.619768812017491,0.8167643016592692,1.0
778,0.27348283558855363,2.3518532359511424,0.0
779,0.8877875659135739,-1.2148441561996843,0.0
780,-2.514723416401846,0.004731485854904349,1.0
781,-1.705654504733362,-1.1184518844266298,
782,0.8279052966187522,-1.1506995117497314,0.0
783,2.358160057829863,-0.6249979684763028,0.0
784,-1.8802613436994333,0.16284698723078803,0.0
785,1.0329271137798641,0.9669870617999476,0.0
786,1.187259446735948,1.0553827803053413,0.0
787,1.4529286221132474,-1.6992422845825237,
788,1.7805949414574314,2.518702775103715,1.0
789,-0.6896920571603524,-1.7632765328310798,0.0
790,2.833296011870905,0.914319005322688,1.0
791,0.2990679390873875,0.7887926025897043,0.0
792,-1.3707306743921048,-0.32727882888243465,1.0
793,-1.8324517854595623,0.6612901318805142,
794,1.7561131033628596,-0.9809981027788033,
795,0.4619926234317501,0.9973567811208824,0.0
796,4.5703131489649405,0.009775485525466532,0.0
797,2.8162587437838638,-1.133215019929322,1.0
798,2.4112023400670957,-1.1676137699282338,1.0
799,5.056149122843321,-0.1145150440639541,1.0
800,-1.6250701092370798,-0.1415593682588443,0.0
801,-1.7848754533494942,-0.6975782422604295,
802,-1.4671003928445439,-0.883118162231483,1.0
803,2.109321390025927,1.4707856509359067,1.0
804,0.41856485786009284,-0.9818538947685755,
805,2.8571626750976304,1.219231514220148,1.0
806,-0.013084579044160743,-0.7515702544307328,1.0
807,3.088324684752746,-1.4753324428278836,1.0
808,-0.29583193741616,3.260148188639283,0.0
809,-1.373277083346646,-0.6129261729948524,1.0
810,0.03195876865540906,1.9053716838360277,0.0
811,-1.6358613613786979,0.17524310030983178,1.0
812,1.177678868306558,3.048852065191852,0.0
813,1.3354004299583255,-0.798479904671185,0.0
814,-1.4612174295888645,0.002948694255714701,1.0
815,-1.2385986312578803,-1.5730507766390678,0.0
816,2.145114786479586,-1.4881846563211216,1.0
817,-2.31298061628495,-0.7615363679351086,1.0
818,1.2017536522398269,1.4728204896102635,0.0
819,-2.7889825389273097,-0.16935415911275276,0.0
820,0.10237904067579742,-1.0031938319456082,0.0
821,-1.5464078889414794,-0.0070583955158177725,1.0
822,1.1790548836363162,0.4545634098209813,
823,-1.2027927018955389,0.28220897220636815,0.0
824,-1.7821255387826866,-0.37627276698177503,0.0
825,-0.596857554925039,-1.103483031019645,0.0
826,-1.7087760857565244,2.7257459379408835,1.0
827,-1.52541799989181,0.1335290979838107,0.0
828,2.912680238333007,-0.23468676634209062,1.0
829,1.35945024359635,-1.1752999652963219,1.0
830,-1.9427748738331572,0.4833438786159917,0.0
831,0.8210198183270394,-0.820065311127822,1.0
832,-3.953009978119174,-1.2015607126999623,0.0
833,-1.429016595175512,0.8268642882725351,0.0
834,-1.5653502013973581,0.004867667637743989,0.0
835,1.1997475346392645,2.1528735069827523,0.0
836,-0.34597296943319045,-1.3965617743058798,
837,0.18289049071490665,0.21820118824918733,1.0
838,-2.1826056157942335,0.3228123079328947,1.0
839,-1.9714125914258378,-0.25642632534258003,0.0
840,-0.19078522289430744,0.780826186570765,1.0
841,-0.623179744600343,-0.3313036687456801,0.0
842,-0.4868578357735036,-1.4800103958460609,
843,3.36171151072052,1.3602216578055393,0.0
844,0.1596322819500427,-0.2727359935936535,1.0
845,1.7009456151273694,2.8580497807851137,0.0
846,3.171221759706293,-0.7875495342052169,0.0
847,-2.1963029401758245,0.8642081339185617,1.0
848,0.26569050915065695,2.2943070376304737,0.0
849,1.8689912033740224,-1.5409035255273906,0.0
850,-1.0322320759730432,-0.33562483588640685,0.0
851,-0.32827960162784653,2.780848786247913,
852,-1.095452518408222,-0.955748677367912,0.0
853,-1.8330831570833994,-0.7507547486860336,
854,0.3587025263562055,0.0910480901143833,1.0
855,0.25028464487858537,1.903178950350624,1.0
856,-0.3333114493949002,-0.022703333219944055,1.0
857,-0.038359555415814636,-0.11238850643772241,1.0
858,1.4968580337189543,-0.19135721824090887,1.0
859,3.208215563962844,-1.6162918323937707,
860,-1.2123290593946123,-0.42212813973364505,0.0
861,1.1504769804239785,0.6106181747895771,1.0
862,-0.3365464677777234,0.059033882421179185,0.0
863,0.7620003845521719,-0.3493089713599351,0.0
864,0.27166938884654424,0.7456981046349904,0.0
865,0.47754451853313373,-1.8671910241259873,0.0
866,-1.534368147803954,-0.5201945975034641,1.0
867,0.8006492240930986,-1.4035455365913991,1.0
868,-0.5451231355068494,2.1511847508845134,1.0
869,-0.5079485677233362,0.82045333548797,1.0
870,1.1877179678864822,1.2191881081768488,
871,2.060256349039762,1.0647593015824892,0.0
872,-1.565992934915246,1.6096044305875177,0.0
873,-2.61675518772735,-0.8017984898793649,1.0
874,3.728917291048472,-1.405780349454334,1.0
875,-2.493728569440123,-1.3840223430232255,1.0
876,1.4164241430117206,-0.058119183010011365,0.0
877,1.5046500061938564,-0.3405602916486132,1.0
878,-0.763567173148062,1.553570430540983,1.0
879,-2.3122891489367863,0.7414231239100076,0.0
880,0.009325935390183192,-1.6342853888162416,0.0
881,-1.329620815030201,-0.6071658753218457,1.0
882,1.0331250494794781,1.9764775255491756,1.0
883,-1.4171676796997894,0.7949870207779848,0.0
884,-0.3551083071067429,0.9517706310002525,1.0
885,-1.9934393451544483,-2.466724902728371,0.0
886,-1.8638220818015268,-1.3333549742026451,1.0
887,0.7273679478902794,1.4862812944609776,1.0
888,-1.329620815030201,-0.6071658753218457,1.0
889,-0.026973920852366037,0.9829186306099242,0.0
890,-0.6727859317675199,0.23792436978681525,0.0
891,1.3053713016062511,-0.9355236547671559,
892,-2.9937297396417457,-0.8785901653791686,1.0
893,0.6571882685180738,-1.8160941484151003,0.0
894,0.4852144254123834,-1.2276376033683516,1.0
895,-0.4593752581416912,2.689801826988344,1.0
896,-0.8551161592215785,-0.9998443466004115,
897,-1.9211381979578124,-0.16042347203813453,1.0
898,-1.6629887293862617,0.06982465512924566,1.0
899,-2.437707737204672,-0.2732126547202381,0.0
900,-1.5778269249351624,1.4911275337977181,0.0
901,-0.8260380671474803,2.392272771639656,1.0
902,2.2196227735690095,-2.0109838689303245,1.0
903,-1.4183478126471225,0.8403494512085908,
904,-3.594081653187282,0.09809267620755857,1.0
905,-2.7258614263006864,0.5255659748469004,0.0
906,-1.534368147803954,-0.5201945975034641,0.0
907,-0.9356855255455028,0.6556254106020976,1.0
908,1.3354004299583255,-0.798479904671185,1.0
909,0.4970171233661139,-2.486904819400689,1.0
910,-1.6667995472910124,1.396238535599693,1.0
911,-0.5270118395170607,0.7201977342636932,1.0
912,-3.172078345392896,-1.626084658290093,1.0
913,-0.9257001430283234,-2.5785313823389675,1.0
914,-0.6941563286856614,-0.5121661269219983,1.0
915,0.044935367196988464,-0.4828041175420608,
916,-1.9051670034147683,0.3299302771742003,0.0
917,-0.8121916136910499,0.5645130465473118,1.0
918,0.5188186473737036,2.348667944829289,1.0
919,-1.2070017205018237,0.5204504227281559,1.0
920,-2.378901388020563,0.4547587329027985,0.0
921,-0.2802209531797927,1.4214685571422863,1.0
922,-0.4147364771963072,-0.4805779953733239,1.0
923,0.014838415017896893,-2.349046983291937,1.0
924,1.9230011388228891,0.033651679156362246,
925,-2.572794614911688,-0.2360900339995081,1.0
926,-1.078837369234032,1.9963140218334172,1.0
927,0.7247578094493606,-0.8343461255100002,0.0
928,0.6270259785847667,-0.9935719531942677,0.0
929,-3.5009703174129148,0.4990592984185517,1.0
930,-2.569186610153714,-1.4400448388627587,0.0
931,0.4558708786448172,1.238514882258642,0.0
932,3.346747377321529,-1.1512674861745416,1.0
933,-2.7414365195242745,-0.4997775016138297,0.0
934,-2.3262381173570654,-0.8679865855646097,0.0
935,-0.8018715543724377,2.282284082475441,
936,2.9722366337002746,0.38829032563864124,1.0
937,-0.8228116586325422,0.9699604607251202,0.0
938,0.9606327637772138,-2.4501421218494213,1.0
939,0.5307049224013558,-1.7010113039264154,
940,1.3850397052634875,-0.26255166338460106,1.0
941,-1.046701051551714,2.3534901905517227,1.0
942,-1.4656634468116645,0.07131006434172604,
943,-0.13673548933336935,-2.6132207570331425,1.0
944,0.6104411192026974,-2.206798318615494,1.0
945,-1.3732363279927364,1.5904889366269226,1.0
946,4.20580896330733,0.605960717269709,1.0
947,0.07199495385290539,2.5813330020522063,1.0
948,0.6381279923352563,-0.5789646149451675,1.0
949,0.19482343142357278,2.703098660402355,1.0
950,-0.26291503319781034,-0.9451704992730873,1.0
951,0.7374889358082622,-1.4287844384116333,1.0
952,-0.25638620291802094,-0.40589400114953744,1.0
953,-0.13247149082433585,1.5828122033693217,1.0
954,0.27348283558855363,2.3518532359511424,1.0
955,3.2729645091509028,-1.3999662757131732,0.0
956,0.9840001910836311,-0.547268244654818,1.0
957,-1.4924125817197134,1.4672108978268505,1.0
958,2.3372082564973837,-0.21209984236869533,1.0
959,-4.098939845861266,-2.1584239516872255,0.0
960,0.16279150668509967,-1.9971461739541714,1.0
961,0.07732753086124534,-2.170915646103765,0.0
962,4.471531931388503,1.4386282091583258,
963,3.3129132857368613,0.05437686529428698,1.0
964,2.0680338283983484,1.3890543781539875,1.0
965,1.2346013056338685,-0.4516470150175307,1.0
966,-0.3083835957861435,0.06824885689601248,1.0
967,-1.627680582928991,-0.6153514973602418,0.0
968,-4.2229426596003545,-1.417574150641086,1.0
969,0.01043917866708624,0.7508022232765996,0.0
970,0.10243891745534006,1.1025744831518216,1.0
971,0.7587135753676802,1.0240521379574712,1.0
972,-2.2963847361847707,0.814601808392041,1.0
973,-0.693788485659181,1.4648004080046677,0.0
974,-1.335299682316784,-0.7641975470454305,1.0
975,-1.627680582928991,-0.6153514973602418,0.0
976,-1.2127801573438266,0.39114375534169304,0.0
977,-0.8479796354043259,-0.0343014011147184,0.0
978,1.3190419967973577,-1.079341608220435,1.0
979,3.4059624740247627,0.36839497686070666,
980,0.011963853535510053,0.3153220314193418,1.0
981,3.738567869506239,-0.9272907605131546,0.0
982,-3.4782219179237486,-1.705586163025231,1.0
983,-1.0283311168653135,0.27125211415936024,1.0
984,0.809764411305434,-1.956459773838108,
985,0.1983135768394803,1.6444687633328008,1.0
986,-0.7004005162024248,-0.5313672907708611,1.0
987,1.3761171236628797,1.32899087568599,
988,0.21084625297666573,-0.37297685713093787,0.0
989,-1.148269563334818,-0.5155917527673163,1.0
990,-1.1687210623240603,0.13930875481253235,
991,-1.095452518408222,-0.955748677367912,0.0
992,-2.4010554200328946,-0.4005182458150938,1.0
993,-2.384629017798255,-0.2699034501135721,0.0
994,2.4179766499798068,0.43431327244718576,0.0
995,0.5360468328095638,-0.46753336989647304,1.0
996,3.3358276334927375,0.6621074249736747,1.0
997,-0.7157898922876333,1.2010341239695292,1.0
998,1.0603944869809494,-0.5991526651981256,1.0
999,3.714177586348528,-0.3219574931843672,1.0
1000,-1.6701846050637204,-0.4300889961160209,1.0
1001,4.5054002218809535,5.690867845356477,1.0
1002,-1.502974908158085,0.2542550877652297,1.0
1003,0.1596322819500427,-0.2727359935936535,1.0
1004,-2.9910874319988507,0.3194968271414973,0.0
1005,2.710640947466744,-0.5762284434770713,1.0
1006,-1.2027839990748268,2.1265527735872247,1.0
1007,-0.35969445684783885,0.8833229505464963,1.0
1008,-1.9427748738331572,0.4833438786159917,1.0
1009,-1.2457526136533745,0.5738814204975351,0.0
1010,-1.0333149542630795,0.5901422121847197,1.0
1011,-1.3707306743921048,-0.32727882888243465,1.0
1012,-1.5909988419936363,-0.13147164161068275,0.0
1013,-1.6714388531691058,0.5112870988589175,1.0
1014,0.35464712657150704,-2.3262791685520288,1.0
1015,1.0329271137798641,0.9669870617999476,1.0
1016,0.5260927721393166,-2.053605867087454,1.0
1017,-2.968584044295776,-1.2259012562276796,1.0
1018,0.24631224157481987,1.2027503011205303,1.0
1019,-1.9352419318902374,-0.06615601030111311,
1020,0.4922950230734285,-2.3445062942207233,1.0
1021,-0.4846879366215859,0.4265240688317293,
1022,0.6347595211374139,-2.2083243343298187,
1023,-0.590709140273285,1.0869718485132547,1.0
1024,0.5249624865486741,1.848508943359149,1.0
1025,-0.7835750959049181,0.5904573762503553,1.0
1026,2.5424264070763356,0.042118914901660975,1.0
1027,-1.088640799816055,0.21178805519283653,0.0
1028,2.0782672137302423,-0.2511691350743949,1.0
1029,0.6483436477839705,2.075087149742237,1.0
1030,-0.5350492132242605,0.20197002809056744,1.0
1031,2.0861668935026048,-1.0963688708856676,1.0
1032,1.3004400902743127,1.5398963749339472,0.0
1033,-1.478492601793624,0.8685850253310303,1.0
1034,-1.1775138913609309,0.887359895667488,1.0
1035,-1.8336124921883403,0.36787172031778054,1.0
1036,-1.6701846050637204,-0.4300889961160209,
1037,0.16858687014875737,-2.780074862749695,0.0
1038,-1.1106962393439428,0.4135884178003968,1.0
1039,1.4529286221132474,-1.6992422845825237,1.0
1040,-1.4099878678178621,0.3054502519824384,0.0
1041,3.0794101267365193,-0.8027660952331944,1.0
1042,0.15012720320467213,-0.8198083488789429,1.0
1043,-1.7838649748796211,0.034167521435369774,1.0
1044,-0.27125812469770955,0.16744136316975816,
1045,-2.006963210056429,-1.5324804399545013,1.0
1046,-0.007469145742387939,1.0345427446449231,1.0
1047,-0.8353788544642927,6.143742866749084,0.0
1048,-1.6629887293862617,0.06982465512924566,1.0
1049,-0.3100700995095333,0.4178605980947524,1.0
1050,0.13325420361190207,0.4504617849600152,0.0
1051,-1.6457191066323196,1.357566038987106,0.0
1052,-0.9483498317921524,-1.1668779151337605,
1053,3.7678380374779286,-0.5429146932526571,1.0
1054,2.94458434311241,-1.4368448377301728,1.0
1055,2.760192030802707,0.3997229588337507,1.0
1056,-0.9257001430283234,-2.5785313823389675,1.0
1057,-1.380756533236753,-1.7445871682496765,0.0
1058,-0.2006385519660866,1.5890253988563505,1.0
1059,2.21101909192008,-0.20833664197392818,1.0
1060,-1.0359847368491577,0.09977783880013144,1.0
1061,-1.5387715726616777,-0.3983485917125311,1.0
1062,-0.31519466977621863,0.009836506720565324,1.0
1063,-0.12209671958846056,-1.8678807736992313,1.0
1064,-1.0503849801832248,0.218541126650305,1.0
1065,-2.7414365195242745,-0.4997775016138297,1.0
1066,-0.9498988713609153,1.8625112722075237,1.0
1067,-0.6939285484194567,1.6773103196895482,1.0
1068,-1.2189591147456185,-1.1311148433086797,1.0
1069,-1.5959663479570094,-0.08833158553542664,0.0
1070,-0.5282666892448338,0.25477620864470135,1.0
1071,0.4644010630747221,-0.5136642257785042,0.0
1072,-0.6735724851743452,-0.3022138400744281,1.0
1073,-3.776117110446936,-1.4886131707138723,1.0
1074,-1.5618987290330195,-0.9840677291906968,0.0
1075,-2.670874458716192,-0.6281577144294068,1.0
1076,-0.7476605393028388,1.315305017114474,
1077,0.6679890596112333,1.107614546617493,0.0
1078,-1.1738975161606888,3.0159901111423,0.0
1079,-0.6515446136923057,1.3489596653617912,1.0
1080,0.07103311364095133,-2.606462133111201,1.0
1081,-0.5935630827444858,-0.2126609184834622,1.0
1082,-3.2016097429191905,-0.9320507472590037,1.0
1083,0.6593197614631376,-1.8085339738051118,1.0
1084,2.1972455231573162,0.5003508559485933,1.0
1085,3.0484372285919967,-1.6363573156505553,0.0
1086,-1.9791755740623238,-2.274489874759813,1.0
1087,-0.7955242744105185,1.1023613422875016,1.0
1088,0.4428874696863088,-0.06538297246615751,1.0
1089,1.3118409405974396,1.124116875982442,1.0
1090,-0.5128417719013187,-1.634655058075964,
1091,-0.31741258313168674,-1.5023970413651484,1.0
1092,0.8210198183270394,-0.820065311127822,1.0
1093,-3.895361544815254,0.49782240890129137,1.0
1094,-2.883919762285463,-0.033927296108732935,1.0
1095,-0.8492550753713344,1.6282839942117897,0.0
1096,-2.0457503501582552,-1.573662406537653,1.0
1097,-0.6222397960276084,-0.9302670420907446,0.0
1098,0.5056734467933728,0.4618565489415389,1.0
1099,0.7980367854263477,-1.494886916264642,0.0
1100,4.4172648675325545,0.3531341224409109,1.0
1101,-0.08796395209347702,0.732308616779955,
1102,2.694268074589346,-0.8077362215449864,1.0
1103,-0.317093082283293,0.02809645864502442,1.0
1104,2.8352003818541514,0.49572132793832924,1.0
1105,1.4507356521182049,0.6218781679031111,0.0
1106,2.5899065205613625,-1.6280394190635996,1.0
1107,-0.5085142523617701,-0.7956755506156392,1.0
1108,2.392106818243535,0.716827462055356,0.0
1109,-0.4210367905907415,-3.1567819717354366,1.0
1110,-1.453409602363747,0.2316344273680547,1.0
1111,-1.0032574754036678,1.433337827675762,1.0
1112,-1.0123098074275259,0.4237790405702546,1.0
1113,1.9941517441675225,-1.0423173598481945,1.0
1114,-1.5611790443060254,-0.08376478935743856,1.0
1115,0.44142504929995313,1.7860307179255588,1.0
1116,-1.4868191651496505,0.8385655651333562,1.0
1117,-0.8217871736826876,-0.4202439301750787,1.0
1118,4.058202362309256,1.3989818589899254,1.0
1119,0.3739543443879494,-1.0206183617268902,0.0
1120,0.32352225596708056,-0.5416382077364628,1.0
1121,-0.5252069260951755,-0.20443870199894443,1.0
1122,0.217231191038733,-1.9493466156855699,1.0
1123,4.389021134942582,-1.3480000040231648,1.0
1124,-2.506367807979451,0.1868801894503963,0.0
1125,0.7381333894293394,3.475031368598971,
1126,-0.9707998224985969,-0.9337349290303512,1.0
1127,0.8794795104604461,-0.2993556571846666,1.0
1128,2.26499281200944,0.6854492979376878,0.0
1129,1.0135430370495895,-0.8841513920952893,1.0
1130,-0.12880362680104368,-0.6978913809639997,1.0
1131,-1.5285978661333581,0.7831505946498034,0.0
1132,-1.6006344501827912,-0.5098320073206088,1.0
1133,-0.7218050855652814,-1.2975624882561494,1.0
1134,-0.285609922560602,0.357078205647979,1.0
1135,-0.581560728736365,0.1866077334675826,1.0
1136,0.735872093358514,-0.18556245713337371,1.0
1137,-0.9179528090668707,-1.5774150607298938,1.0
1138,-1.5778269249351624,1.4911275337977181,0.0
1139,-0.9720160735998886,0.32176470308021654,1.0
1140,-0.8190145599330401,0.029610884052732156,1.0
1141,0.9099624369645822,0.5183400761553041,1.0
1142,0.07399091401985256,0.039856756561112594,
1143,5.447167098898382,-0.9287322025783497,1.0
1144,-0.6945647285381316,1.1407710241234894,0.0
1145,-0.13369141887344127,0.4038263607871957,
1146,-1.3066276538548163,1.1171378824753755,
1147,1.349603938839521,2.8012815009233307,1.0
1148,0.8871147319486935,-2.07281397402281,1.0
1149,1.0165434003985307,-1.8143438397633522,1.0
1150,-0.994476035344675,0.3035341386117827,1.0
1151,-1.1118175083138333,-0.5000216309043712,
1152,-0.2610061676170314,-0.7598412810640052,0.0
1153,3.561921740525832,0.42878883323911693,1.0
1154,-0.035100822295197676,4.181572849206575,1.0
1155,-2.6879185827805805,-0.6627320398271892,
1156,1.819260000996849,-1.8397286621840152,1.0
1157,-0.7347078976716905,-0.010265837830596425,1.0
1158,2.6794946209564525,-1.1084272869131735,1.0
1159,0.8066238477853314,0.4648365564047001,0.0
1160,-0.12479436173282638,0.8752267777091669,1.0
1161,-1.9752357114182917,-1.3035064712866922,1.0
1162,-1.162979711673782,-1.30312779745842,1.0
1163,4.377323327836201,2.2414091306122894,0.0
1164,0.442440725242245,0.94162943107518,0.0
1165,4.3668779149475485,-0.9922421487329891,0.0
1166,2.507954663876221,3.754714233762806,0.0
1167,1.9946874480899603,-0.6663404821791352,1.0
1168,1.3815101840484973,-1.7869060243915484,1.0
1169,-1.3661279427350033,-0.35565428710503283,1.0
1170,0.8389909429787454,-2.8438477427594147,1.0
1171,1.0117583667210635,-1.3690904828722483,1.0
1172,0.22731685989541847,-0.8424332351631036,1.0
1173,-0.32234878338398937,0.9245908275502657,1.0
1174,1.433457679084601,-1.0699965054462368,1.0
1175,-0.3496419397860184,2.3651398149464713,1.0
1176,0.6139933144510372,2.6559712588779623,0.0
1177,-1.5375503077719048,1.3180302003265034,1.0
1178,0.526417480617058,1.8409165161489827,0.0
1179,1.4587999245617456,-0.7509474000911351,1.0
1180,0.24414588538715243,-0.1578331284540726,1.0
1181,3.283471669794624,0.4242943921380111,0.0
1182,-2.9693131886568094,0.5027630005546998,1.0
1183,-1.5027514834880684,1.449590668365309,0.0
1184,-3.134838004189745,-0.36598457182549726,0.0
1185,1.0958923289230693,-0.3090610333603856,1.0
1186,-0.45427716261794515,1.9555723974837138,0.0
1187,-1.5063618920807822,0.0059602720193956404,1.0
1188,-1.5253871196953581,1.4491291047419967,0.0
1189,-1.2795570711430992,0.8232800569441124,0.0
1190,-1.380756533236753,-1.7445871682496765,1.0
1191,-2.438413952462394,0.14288746386663886,0.0
1192,-0.630364066654459,0.6052417804356982,1.0
1193,-2.69185252886731,-1.1380815430264262,0.0
1194,0.08704552710792375,-2.467119861731527,1.0
1195,1.795018257883405,-1.6975111064200714,1.0
1196,-1.7426722233664929,1.907416540867149,1.0
1197,-1.7895866529634277,-1.2702537440364792,1.0
1198,1.9589623080268324,-2.5416174127408926,1.0
1199,-1.349280853870765,-0.9519889543377968,1.0
1200,0.7368016493664574,-1.7104732159104168,1.0
1201,-4.655755541280705,2.2778767273104794,1.0
1202,0.4970171233661139,-2.486904819400689,1.0
1203,-1.115804251850644,0.04776045450151922,0.0
1204,0.6884464036950254,1.2257964408224282,
1205,-1.331005382899731,-0.26835582534113445,1.0
1206,1.7132389015288725,-0.669720046311009,1.0
1207,-1.4242971810042337,-0.41154041062301083,0.0
1208,1.3266811314512525,0.07902664480972031,1.0
1209,-0.6939285484194567,1.6773103196895482,1.0
1210,0.4787245486802268,1.0808002818579083,1.0
1211,-1.5338479985939506,-1.0318251606478783,0.0
1212,-1.43798129601865,-0.3941672177842486,1.0
1213,0.3194379284470793,0.37454967779091447,
1214,-0.8933731607269361,-0.16370382442620873,1.0
1215,-2.861735028598025,-1.4424107170410374,1.0
1216,0.22173043547772994,-1.103550081289559,1.0
1217,-1.1353162279684923,0.8120922614843993,1.0
1218,-4.700735430571077,-1.5979030392226483,1.0
1219,-1.901614013311526,-0.13897190574115587,1.0
1220,-1.27980409090985,0.21025878663589476,1.0
1221,-1.4997987887739512,1.4624108457358975,1.0
1222,-0.5183936525443066,0.8837460595678072,1.0
1223,2.8352003818541514,0.49572132793832924,1.0
1224,2.291322978699953,1.9800676711860428,1.0
1225,-0.7287833222777402,-2.1110296679020433,0.0
1226,-0.7923428975882599,1.5166446964467508,0.0
1227,-1.9247909962588357,-0.07692187621236893,
1228,-1.3607960501675074,-0.4965422763570082,1.0
1229,-1.5424984714738599,0.7316259429218814,0.0
1230,1.1668857589291377,-1.4415284602942118,1.0
1231,-1.5063618920807822,0.0059602720193956404,0.0
1232,0.6090587096046279,0.4343380435584101,0.0
1233,-2.1985273298576815,0.2747782169884773,0.0
1234,-1.585045285723301,1.1985999595786945,1.0
1235,2.4411021105078454,-1.0375290774967094,0.0
1236,0.42487703920943565,-1.2983090772821584,1.0
1237,0.17014106134237292,0.8220695942864253,1.0
1238,-2.0771380930532044,-1.1915621633661748,0.0
1239,-0.4651326532503852,-0.0014857428530814926,0.0
1240,0.7229420316014713,-2.114272620890692,0.0
1241,0.290818094310858,0.19950104185369527,0.0
1242,-1.340059976872799,0.6463622258481679,1.0
1243,-1.02277780779118,1.3733456036370635,0.0
1244,-0.8601224930046709,-0.517082013565459,1.0
1245,1.208884763978886,-1.7227666567268005,0.0
1246,-1.3680174985710065,-1.2674945930257924,
1247,-1.8802613436994333,0.16284698723078803,0.0
1248,0.8361258633878599,-1.1371921087528747,
1249,-1.436422628374378,1.2646666684220127,1.0
1250,0.6632729976510261,-2.6500730576445335,1.0
1251,3.0794101267365193,-0.8027660952331944,0.0
1252,-0.3993123416723317,2.0113118624495034,0.0
1253,-1.996627433255692,-0.0928613675994221,0.0
1254,-3.2551351411568166,-1.748342052554127,
1255,-2.473656810181496,0.26361018903319383,0.0
1256,1.5306708684260821,-0.31666586429961197,0.0
1257,1.0117583667210635,-1.3690904828722483,1.0
1258,0.9979755676428643,0.7258767730423743,
1259,-0.7836143824293115,0.7080610376690577,1.0
1260,-0.24090734666496227,0.6444392128612684,0.0
1261,2.937583593228707,-0.5548900859149009,0.0
1262,2.912680238333007,-0.23468676634209062,0.0
1263,-1.5142320287801645,-0.1678399588491411,0.0
1264,-0.5822436606267425,-0.6768842940384454,1.0
1265,-2.2017868568587007,0.7724942806335071,
1266,3.021241816947549,-0.9389781430071705,1.0
1267,4.632225583564022,6.815164936330788,1.0
1268,-1.44854093927631,0.7597171743453337,1.0
1269,-1.0972258624235272,-0.06959981889634809,1.0
1270,-0.217156398539401,-0.8938187239682707,1.0
1271,3.8461485913509335,1.5872352995306773,1.0
1272,-3.498398767766655,-1.9367050675155337,0.0
1273,-0.5348420872363886,1.1222469571504305,0.0
1274,-1.201336050699011,-0.59036799605215,1.0
1275,3.447589023310092,-0.818906069076655,1.0
1276,-2.263767061400267,-1.0037754992334929,0.0
1277,0.25851323015712163,-0.43215793981318035,1.0
1278,1.5722681956957965,-0.00334126860107431,1.0
1279,2.56105779438033,-1.5179687088284428,1.0
1280,0.4070636067873945,-0.07910326217231695,1.0
1281,1.6507332445440936,3.606706405264329,1.0
1282,-1.8735705654501802,-0.292138479129351,1.0
1283,-1.3248131587581817,0.5914540167249114,1.0
1284,2.7948831922238155,-0.06824811825665311,
1285,0.07399091401985256,0.039856756561112594,0.0
1286,2.707998977569997,2.5257253703649054,1.0
1287,2.154475843346441,-1.8383284973066671,0.0
1288,-1.247319978901298,-0.7522821013230138,0.0
1289,-0.3778137351179854,1.895109419108112,0.0
1290,-0.1784265622986264,-1.0700297335811333,0.0
1291,1.9542954696467547,-2.216689817728927,1.0
1292,-1.6716053393058994,1.465493974713133,1.0
1293,3.0353156697723094,-0.8239237368128052,0.0
1294,0.8794795104604461,-0.2993556571846666,1.0
1295,0.46784740431369226,0.14505511777859745,0.0
1296,0.39735319575964734,-1.0820985888216945,0.0
1297,-1.33541710110151,0.034328485244373486,1.0
1298,1.3805741759797148,2.6976227183132147,1.0
1299,1.9951173664462114,-0.6483016672054146,0.0
1300,-0.002367256652045749,0.8736314724084018,1.0
1301,3.822436768039403,-1.1188966084767207,1.0
1302,0.7467649724755416,1.4695635791651465,1.0
1303,0.6479104757164847,1.6247732544739746,0.0
1304,-0.9039642292792253,1.4464669447074971,0.0
1305,2.6136228685935103,2.1366999984528725,0.0
1306,1.6041449276589557,-2.1716466283033644,0.0
1307,0.1603859162550616,-0.17578001321547884,0.0
1308,-0.655609443610888,-1.3285171119455934,0.0
1309,-0.41343645368687604,-0.1545756712500223,0.0
1310,-0.3949930283725466,0.6689213365460708,0.0
1311,0.6949512951802692,1.1657012057791087,1.0
1312,-0.9906864578641086,0.5990561577546553,0.0
1313,-0.05083963914727667,0.1816830235328476,1.0
1314,0.8659557897557819,2.153166214539977,1.0
1315,-1.4549814020406957,-0.5861530593837937,1.0
1316,-2.0968919498148257,1.2604462498570077,
1317,3.346747377321529,-1.1512674861745416,1.0
1318,-1.9276068624432896,-0.047642415329002374,1.0
1319,0.4590953207165699,-0.844922308420873,1.0
1320,0.6084618936586252,3.8350172623310934,
1321,2.4550029114165106,-0.686804707729209,1.0
1322,0.7472219059948131,1.6098027514312945,0.0
1323,-0.978291109936815,-1.0292594237803305,1.0
1324,1.3190419967973577,-1.079341608220435,1.0
1325,-1.534368147803954,-0.5201945975034641,
1326,3.1678846895199944,-1.2740822391843336,1.0
1327,-1.8999498830328525,-0.388417558995156,1.0
1328,0.7316228169334004,-1.7610064371232068,0.0
1329,0.25028464487858537,1.903178950350624,1.0
1330,-1.1231585918603055,0.3234184142448448,
1331,-1.0283311168653135,0.27125211415936024,0.0
1332,1.977101488969464,-1.676221118045946,1.0
1333,-1.5611895530197935,-0.21878451542651733,
1334,3.0124412014697612,0.20133656054760973,0.0
1335,0.3964676246159247,-0.15565909972967518,
1336,-2.538606640236109,1.5167845445307406,0.0
1337,-1.079903983166376,0.2407646601848936,0.0
1338,-1.7918817775941815,0.293949579125307,0.0
1339,1.3589027479188265,1.5892078779856922,1.0
1340,-0.6965086043638793,0.47774058224386085,1.0
1341,-0.05004749413856312,0.9373704002147409,1.0
1342,0.05241046474027016,0.24063686853997787,1.0
1343,0.5470744854019459,1.4847278163538071,1.0
1344,2.7802174580493344,-1.9564278884682371,0.0
1345,-0.39172001590508027,0.3042018365028862,1.0
1346,-0.22852320082078426,0.5811932350255368,0.0
1347,-2.0597790758789025,-1.12102766390116,0.0
1348,1.3354004299583255,-0.798479904671185,0.0
1349,-0.9583537666876468,-0.30780752143893314,0.0
1350,0.5886463639923002,-0.39403117096457524,
1351,-0.6220846103957989,-0.6083555669059478,1.0
1352,0.13234459840259202,2.0659455346696993,0.0
1353,-1.6279976191980665,-0.5353245072394061,0.0
1354,-0.9686449871089028,0.472604738699024,0.0
1355,2.2063612554055094,-1.8528076183206816,0.0
1356,-2.768824558617726,-1.4452279389397233,0.0
1357,1.2073613203500966,-1.4210053800845581,1.0
1358,-4.041384815672521,-0.1025418274754184,0.0
1359,-0.5726139351752286,-0.44553771620462534,1.0
1360,2.0190875320057784,-1.3791432643599704,0.0
1361,-0.8353788544642927,6.143742866749084,0.0
1362,-0.9426698771588389,-0.17329587377165848,1.0
1363,0.6002081817317267,2.217128483586476,0.0
1364,-1.262348358420676,0.3430703501988321,1.0
1365,-2.9933861764059304,-0.6523790116941063,
1366,-1.0571728966634137,-1.5761010360708139,0.0
1367,3.0739765223374955,0.5593671140528342,1.0
1368,0.8028029071561087,-1.4805338571349074,1.0
1369,-0.5336444274734828,2.491897003475678,0.0
1370,3.034580139923728,0.23208622110815602,
1371,-1.2184912173761628,-0.20700417392566264,1.0
1372,-1.3041402219642688,0.6916559988684597,0.0
1373,-0.05083963914727667,0.1816830235328476,0.0
1374,0.8307076876221066,1.9795711643575338,0.0
1375,-1.1251409695742693,-0.328897349795299,0.0
1376,1.039287984559663,-1.9485520691803475,0.0
1377,-0.5766364719895473,0.11114652159039262,1.0
1378,-2.1467365280859947,0.9793882693156826,1.0
1379,-1.8330831570833994,-0.7507547486860336,1.0
1380,0.8860299357195942,-0.12032924649574533,1.0
1381,-0.08654656825415297,-0.6242564065290772,0.0
1382,-3.10181870919621,-1.9874272912283097,0.0
1383,3.013476582119884,-0.959879060905303,0.0
1384,-2.378127675721144,-0.9044028595772086,0.0
1385,3.2583538593642927,-1.032878647176147,0.0
1386,-0.6463921540399712,-0.6645145416729519,0.0
1387,-0.12278820029641803,-0.6165941750339925,0.0
1388,-1.2051392389895486,0.07377200894867159,0.0
1389,0.37047672271394777,-2.0609620178749237,0.0
1390,1.0331250494794781,1.9764775255491756,
1391,-1.8194667786809116,0.04131131312575875,0.0
1392,-0.25389878039954267,-0.6680512114758972,0.0
1393,-0.7813146297904258,-2.5582487668543887,0.0
1394,0.39735319575964734,-1.0820985888216945,0.0
1395,0.6943444576856189,2.677744181252745,1.0
1396,-1.4461992376661141,-0.031861619094756044,0.0
1397,-0.6066143236351517,-0.09729411536984184,0.0
1398,1.3343130426346452,1.8352091303499114,1.0
1399,-2.122565943621026,0.8483145895424847,1.0
1400,-0.7862663875892275,0.9856342437420448,0.0
1401,-0.04282022651660236,0.27296591235794965,0.0
1402,-1.2535597692693967,0.04455029335144109,1.0
1403,0.08048439052997722,-1.3067605598575092,1.0
1404,-0.866090164577791,-0.5484744106326156,1.0
1405,-0.15700598965025359,-0.1576140056137177,1.0
1406,-0.2714840717992428,0.27486306209151556,1.0
1407,-2.303744312680103,-2.198848409714244,1.0
1408,2.7400888606576124,1.506838956102309,1.0
1409,2.023415446154605,0.7679469961629226,1.0
1410,2.106902978835834,-0.3004374316012722,1.0
1411,-1.3047407859584215,0.02229389139407001,1.0
1412,-1.812222871576291,-0.7130148216019458,1.0
1413,-0.48887921876255513,1.009594649948247,0.0
1414,-3.470868725217289,-1.0976072468686422,0.0
1415,-3.5702682244597743,-0.5763297713597358,0.0
1416,1.0381265947304072,0.3186615184827615,0.0
1417,2.3213473210559483,-1.8928549916295536,1.0
1418,3.4089602314441056,-0.7548307761559987,0.0
1419,0.4070636067873945,-0.07910326217231695,0.0
1420,-1.7351624603473785,-0.2620685982280662,0.0
1421,-5.346046619790454,-1.0162019957227273,0.0
1422,0.8029732694049677,0.4421525912984664,1.0
1423,-0.34464808731014673,0.766711718680577,0.0
1424,-2.6196591268,-0.29680308779689735,1.0
1425,-0.476585036041026,1.0961044364325285,1.0
1426,1.4415467547053504,1.4378735470158577,1.0
1427,0.9562782127975746,2.5101293244394784,0.0
1428,-0.8498683931853588,-1.9999985241346625,0.0
1429,1.2258753082368405,0.2927081739062713,0.0
1430,-0.36116888251557583,1.1782939311629073,0.0
1431,0.8144869522941345,2.1174313847823707,1.0
1432,0.5219200878204752,2.5179647658656474,1.0
1433,0.5447796213681477,0.74003632125102,1.0
1434,5.056149122843321,-0.1145150440639541,1.0
1435,0.6940240311214636,-0.7555225379404527,1.0
1436,-1.2127801573438266,0.39114375534169304,0.0
1437,2.30391137773879,-0.9734042824854864,
1438,-1.345030476927857,0.7030222660922947,0.0
1439,0.4323696281964605,0.6199254683314059,1.0
